<?xml version="1.0" encoding="UTF-8" ?>
<!DOCTYPE mapper
PUBLIC "-//mybatis.org//DTD Mapper 3.0//EN"
"http://mybatis.org/dtd/mybatis-3-mapper.dtd">
<mapper namespace="board">
	
	<select id="board_list" resultType="board">
		select * from board order by ref DESC, step ASC
	</select>
	
	<insert id="board_insert" parameterType="board">
		insert into board values(seq_board_idx.nextVal, #{name}, #{subject}, #{content}, 
								#{pwd}, #{ip}, sysdate, 0, seq_board_idx.currVal, 0, 0, 0)
	</insert>
	
	<select id="board_selectone" resultType="board" parameterType="int">
		select * from board where idx = #{idx}
	</select>
	
	<select id="idx_pwd" resultType="board" parameterType="java.util.HashMap">
		select * from board where idx = #{idx} and pwd = #{pwd}
	</select>
	
	<update id="board_update_readhit" parameterType="int">
		update board set readhit = readhit+1 where idx=#{idx}
	</update>
	
	<!-- 기준글의 step보다 큰 step들을 1씩 증가 -->
	<update id="board_update_step" parameterType="board">
		update board set step = step+1 where ref = #{ref} and step > #{step}
	</update>
	
	<insert id="board_reply" parameterType="board">
		insert into board values(seq_board_idx.nextVal, #{name}, #{subject}, #{content}, 
								#{pwd}, #{ip}, sysdate, 0, #{ref}, #{step}, #{depth}, 0)
	</insert>
	
	<update id="del_update" parameterType="board">
		update board set subject = #{subject}, name = #{name}, del_info = -1 where idx = #{idx}
	</update>
	
	<select id="board_list_condition" parameterType="java.util.HashMap" resultType="board">
		select * from (select rank() over( order by ref desc, step asc ) no, b.* from (select * from board) b ) where no between #{start} and #{end}
	</select>
	
	<!-- 전체 게시물 수 조회 -->
	<select id="board_count" resultType="int">
		select count(*) from board
	</select>
</mapper>












