<?xml version="1.0" encoding="UTF-8" ?>
<!DOCTYPE mapper
PUBLIC "-//mybatis.org//DTD Mapper 3.0//EN"
"http://mybatis.org/dtd/mybatis-3-mapper.dtd">
<mapper namespace="cart">

	<!-- 회원별 장바구니 목록 조회 -->
	<select id="cart_list" parameterType="int"
	        resultType="cart">
		<!-- m_idx(회원번호)와 일치하는 상품목록만 검색 -->
		select * from cart_view where m_idx=#{m_idx}
	</select>

	<!-- 회원별 장바구니 상품의 총계 -->
	<select id="total_amount" parameterType="int"
	        resultType="int">
	
	<!-- 장바구니에 상품이 존재하지 않아 amount가 0인 경우에는 결과가 null로 넘어온다
	     null값을 넘겨받으면 int타입의 변수가 값을 받을수 없으므로, 
	     nvl(null value)을 사용하여 결과가 null인 경우 0으로 처리하도록 한다!-->
		select nvl( sum(amount), 0 ) from cart_view where m_idx=#{m_idx}
	</select>

	<!-- 회원별 카트의 수량 업데이트 -->
	<update id="cart_cnt_update" parameterType="java.util.HashMap">
		update cart set c_cnt = #{c_cnt} where c_idx = #{c_idx} and m_idx = #{m_idx}
	</update>
	
	<delete id="cart_delete" parameterType="java.util.HashMap">
		delete from cart where c_idx = #{c_idx} and m_idx = #{m_idx}
	</delete>
	
	<insert id="cart_insert" parameterType="cart">
		insert into cart values(seq_cart_idx.nextVal, 1, #{p_idx}, #{m_idx})
	</insert>
	
	<select id="cart_one" resultType="cart" parameterType="cart">
		select * from cart where p_idx = #{p_idx} and m_idx = #{m_idx}
	</select>
</mapper>












