<?xml version="1.0" encoding="UTF-8" ?>
<!DOCTYPE configuration
PUBLIC "-//mybatis.org//DTD Config 3.0//EN"
"http://mybatis.org/dtd/mybatis-3-config.dtd">
<configuration>
	<environments default="">
		<environment id="">
			<transactionManager type="JDBC" />
			<dataSource type="JNDI">
				<property name="data_source" 
				value="java:comp/env/jdbc/oracle_test" />
			</dataSource>
		</environment>
	</environments>
	<mappers>
		<mapper resource="config/mybatis/mapper/sawon.xml" />
		<mapper resource="config/mybatis/mapper/gogek.xml" />
	</mappers>
</configuration>